{"cameraMode":{"drawMode":0,"name":"Shaded","section":"Shading Mode"},"sceneLighting":true,"audioPlay":false,"sceneViewState":{"showFog":true,"showMaterialUpdate":false,"showSkybox":true,"showFlares":true,"showImageEffects":true,"showParticleSystems":true},"in2DMode":false,"pivot":{"x":15.765604019165039,"y":-10.65340518951416,"z":-1.645531415939331},"rotation":{"x":0.211541086435318,"y":0.6876227259635925,"z":-0.22087474167346955,"w":0.6585431694984436},"size":34.49151611328125,"orthographic":false}